,rank,elpd_loo,p_loo,elpd_diff,weight,se,dse,warning,scale
category-model,0,-9165.28105874993,24.527409966842242,0.0,0.9049313977596444,40.846421742269335,0.0,False,log
base-model,1,-9193.299733099066,20.976777258663788,28.018674349133818,0.09506860224035563,40.16110881614388,8.317365703140286,False,log
