,rank,elpd_loo,p_loo,elpd_diff,weight,se,dse,warning,scale
category-model,0,-9737.850585095892,18.50104765127071,0.0,0.9087127042594845,41.632055463820166,0.0,False,log
base-model,1,-9763.743822177526,15.844354985283644,25.89323708163524,0.09128729574051553,40.998825060657886,7.959136604916972,False,log
