,rank,elpd_loo,p_loo,elpd_diff,weight,se,dse,warning,scale
occupation-model,0,-19180.539864128383,35.52169438388955,0.0,1.0,197.6315391246238,0.0,False,log
base-model,1,-20189.68515158361,29.356803323436907,1009.1452874552293,0.0,206.63736679758543,43.306595179123015,False,log
