,rank,elpd_loo,p_loo,elpd_diff,weight,se,dse,warning,scale
occupation-model,0,-241.47136456102396,19.48537784005177,0.0,0.6812584079022163,21.47254973393704,0.0,True,log
base-model,1,-242.6621415568382,10.920425176648251,1.190776995814252,0.31874159209778374,21.02874911090305,5.021856402959926,False,log
